layer,from_token,to_token,attention_score
1,Disc,Disc,1.0
1,Disc,rete,0.0
1,Disc,·mathematics,0.0
1,Disc,·is,0.0
1,Disc,·essential,0.0
1,Disc,·for,0.0
1,Disc,·programming,0.0
1,Disc,.,0.0
1,rete,Disc,0.693974
1,rete,rete,0.306026
1,rete,·mathematics,0.0
1,rete,·is,0.0
1,rete,·essential,0.0
1,rete,·for,0.0
1,rete,·programming,0.0
1,rete,.,0.0
1,·mathematics,Disc,0.41965
1,·mathematics,rete,0.135524
1,·mathematics,·mathematics,0.444826
1,·mathematics,·is,0.0
1,·mathematics,·essential,0.0
1,·mathematics,·for,0.0
1,·mathematics,·programming,0.0
1,·mathematics,.,0.0
1,·is,Disc,0.27425
1,·is,rete,0.090403
1,·is,·mathematics,0.165323
1,·is,·is,0.470023
1,·is,·essential,0.0
1,·is,·for,0.0
1,·is,·programming,0.0
1,·is,.,0.0
1,·essential,Disc,0.22476
1,·essential,rete,0.090615
1,·essential,·mathematics,0.10967
1,·essential,·is,0.129249
1,·essential,·essential,0.445706
1,·essential,·for,0.0
1,·essential,·programming,0.0
1,·essential,.,0.0
1,·for,Disc,0.162488
1,·for,rete,0.073662
1,·for,·mathematics,0.090982
1,·for,·is,0.141287
1,·for,·essential,0.164349
1,·for,·for,0.367232
1,·for,·programming,0.0
1,·for,.,0.0
1,·programming,Disc,0.199148
1,·programming,rete,0.072441
1,·programming,·mathematics,0.099804
1,·programming,·is,0.065274
1,·programming,·essential,0.088865
1,·programming,·for,0.084088
1,·programming,·programming,0.39038
1,·programming,.,0.0
1,.,Disc,0.137335
1,.,rete,0.063539
1,.,·mathematics,0.071238
1,.,·is,0.105737
1,.,·essential,0.069488
1,.,·for,0.102667
1,.,·programming,0.10437
1,.,.,0.345625
2,Disc,Disc,1.0
2,Disc,rete,0.0
2,Disc,·mathematics,0.0
2,Disc,·is,0.0
2,Disc,·essential,0.0
2,Disc,·for,0.0
2,Disc,·programming,0.0
2,Disc,.,0.0
2,rete,Disc,0.811842
2,rete,rete,0.188158
2,rete,·mathematics,0.0
2,rete,·is,0.0
2,rete,·essential,0.0
2,rete,·for,0.0
2,rete,·programming,0.0
2,rete,.,0.0
2,·mathematics,Disc,0.574974
2,·mathematics,rete,0.153698
2,·mathematics,·mathematics,0.271327
2,·mathematics,·is,0.0
2,·mathematics,·essential,0.0
2,·mathematics,·for,0.0
2,·mathematics,·programming,0.0
2,·mathematics,.,0.0
2,·is,Disc,0.508269
2,·is,rete,0.081039
2,·is,·mathematics,0.140469
2,·is,·is,0.270223
2,·is,·essential,0.0
2,·is,·for,0.0
2,·is,·programming,0.0
2,·is,.,0.0
2,·essential,Disc,0.40235
2,·essential,rete,0.073163
2,·essential,·mathematics,0.129653
2,·essential,·is,0.20433
2,·essential,·essential,0.190504
2,·essential,·for,0.0
2,·essential,·programming,0.0
2,·essential,.,0.0
2,·for,Disc,0.349427
2,·for,rete,0.056961
2,·for,·mathematics,0.09207
2,·for,·is,0.12212
2,·for,·essential,0.13045
2,·for,·for,0.248971
2,·for,·programming,0.0
2,·for,.,0.0
2,·programming,Disc,0.298125
2,·programming,rete,0.076974
2,·programming,·mathematics,0.115683
2,·programming,·is,0.116984
2,·programming,·essential,0.089304
2,·programming,·for,0.141083
2,·programming,·programming,0.161846
2,·programming,.,0.0
2,.,Disc,0.30514
2,.,rete,0.049826
2,.,·mathematics,0.080853
2,.,·is,0.111387
2,.,·essential,0.071839
2,.,·for,0.107478
2,.,·programming,0.079036
2,.,.,0.194441
3,Disc,Disc,1.0
3,Disc,rete,0.0
3,Disc,·mathematics,0.0
3,Disc,·is,0.0
3,Disc,·essential,0.0
3,Disc,·for,0.0
3,Disc,·programming,0.0
3,Disc,.,0.0
3,rete,Disc,0.959706
3,rete,rete,0.040294
3,rete,·mathematics,0.0
3,rete,·is,0.0
3,rete,·essential,0.0
3,rete,·for,0.0
3,rete,·programming,0.0
3,rete,.,0.0
3,·mathematics,Disc,0.709044
3,·mathematics,rete,0.167566
3,·mathematics,·mathematics,0.12339
3,·mathematics,·is,0.0
3,·mathematics,·essential,0.0
3,·mathematics,·for,0.0
3,·mathematics,·programming,0.0
3,·mathematics,.,0.0
3,·is,Disc,0.644767
3,·is,rete,0.058906
3,·is,·mathematics,0.158672
3,·is,·is,0.137655
3,·is,·essential,0.0
3,·is,·for,0.0
3,·is,·programming,0.0
3,·is,.,0.0
3,·essential,Disc,0.438271
3,·essential,rete,0.051071
3,·essential,·mathematics,0.091918
3,·essential,·is,0.266815
3,·essential,·essential,0.151926
3,·essential,·for,0.0
3,·essential,·programming,0.0
3,·essential,.,0.0
3,·for,Disc,0.339072
3,·for,rete,0.025212
3,·for,·mathematics,0.062376
3,·for,·is,0.132824
3,·for,·essential,0.302212
3,·for,·for,0.138304
3,·for,·programming,0.0
3,·for,.,0.0
3,·programming,Disc,0.308895
3,·programming,rete,0.041154
3,·programming,·mathematics,0.051287
3,·programming,·is,0.098018
3,·programming,·essential,0.110088
3,·programming,·for,0.277203
3,·programming,·programming,0.113355
3,·programming,.,0.0
3,.,Disc,0.318039
3,.,rete,0.02178
3,.,·mathematics,0.040398
3,.,·is,0.075484
3,.,·essential,0.089931
3,.,·for,0.123771
3,.,·programming,0.123143
3,.,.,0.207453
4,Disc,Disc,1.0
4,Disc,rete,0.0
4,Disc,·mathematics,0.0
4,Disc,·is,0.0
4,Disc,·essential,0.0
4,Disc,·for,0.0
4,Disc,·programming,0.0
4,Disc,.,0.0
4,rete,Disc,0.968996
4,rete,rete,0.031005
4,rete,·mathematics,0.0
4,rete,·is,0.0
4,rete,·essential,0.0
4,rete,·for,0.0
4,rete,·programming,0.0
4,rete,.,0.0
4,·mathematics,Disc,0.678473
4,·mathematics,rete,0.247334
4,·mathematics,·mathematics,0.074193
4,·mathematics,·is,0.0
4,·mathematics,·essential,0.0
4,·mathematics,·for,0.0
4,·mathematics,·programming,0.0
4,·mathematics,.,0.0
4,·is,Disc,0.682205
4,·is,rete,0.100257
4,·is,·mathematics,0.140482
4,·is,·is,0.077056
4,·is,·essential,0.0
4,·is,·for,0.0
4,·is,·programming,0.0
4,·is,.,0.0
4,·essential,Disc,0.558749
4,·essential,rete,0.032964
4,·essential,·mathematics,0.054515
4,·essential,·is,0.208206
4,·essential,·essential,0.145566
4,·essential,·for,0.0
4,·essential,·programming,0.0
4,·essential,.,0.0
4,·for,Disc,0.467677
4,·for,rete,0.022261
4,·for,·mathematics,0.039025
4,·for,·is,0.095811
4,·for,·essential,0.252299
4,·for,·for,0.122928
4,·for,·programming,0.0
4,·for,.,0.0
4,·programming,Disc,0.526383
4,·programming,rete,0.025774
4,·programming,·mathematics,0.025749
4,·programming,·is,0.052468
4,·programming,·essential,0.069975
4,·programming,·for,0.177266
4,·programming,·programming,0.122385
4,·programming,.,0.0
4,.,Disc,0.435347
4,.,rete,0.025915
4,.,·mathematics,0.028314
4,.,·is,0.086309
4,.,·essential,0.068667
4,.,·for,0.094982
4,.,·programming,0.162613
4,.,.,0.097853
5,Disc,Disc,1.0
5,Disc,rete,0.0
5,Disc,·mathematics,0.0
5,Disc,·is,0.0
5,Disc,·essential,0.0
5,Disc,·for,0.0
5,Disc,·programming,0.0
5,Disc,.,0.0
5,rete,Disc,0.96353
5,rete,rete,0.03647
5,rete,·mathematics,0.0
5,rete,·is,0.0
5,rete,·essential,0.0
5,rete,·for,0.0
5,rete,·programming,0.0
5,rete,.,0.0
5,·mathematics,Disc,0.649781
5,·mathematics,rete,0.242027
5,·mathematics,·mathematics,0.108192
5,·mathematics,·is,0.0
5,·mathematics,·essential,0.0
5,·mathematics,·for,0.0
5,·mathematics,·programming,0.0
5,·mathematics,.,0.0
5,·is,Disc,0.715295
5,·is,rete,0.062813
5,·is,·mathematics,0.168132
5,·is,·is,0.053759
5,·is,·essential,0.0
5,·is,·for,0.0
5,·is,·programming,0.0
5,·is,.,0.0
5,·essential,Disc,0.595177
5,·essential,rete,0.026353
5,·essential,·mathematics,0.080901
5,·essential,·is,0.186464
5,·essential,·essential,0.111104
5,·essential,·for,0.0
5,·essential,·programming,0.0
5,·essential,.,0.0
5,·for,Disc,0.537425
5,·for,rete,0.02313
5,·for,·mathematics,0.070949
5,·for,·is,0.065334
5,·for,·essential,0.219383
5,·for,·for,0.083779
5,·for,·programming,0.0
5,·for,.,0.0
5,·programming,Disc,0.603062
5,·programming,rete,0.010358
5,·programming,·mathematics,0.015564
5,·programming,·is,0.022619
5,·programming,·essential,0.041002
5,·programming,·for,0.233963
5,·programming,·programming,0.073432
5,·programming,.,0.0
5,.,Disc,0.528047
5,.,rete,0.012228
5,.,·mathematics,0.02214
5,.,·is,0.041308
5,.,·essential,0.051102
5,.,·for,0.11691
5,.,·programming,0.137267
5,.,.,0.090997
6,Disc,Disc,1.0
6,Disc,rete,0.0
6,Disc,·mathematics,0.0
6,Disc,·is,0.0
6,Disc,·essential,0.0
6,Disc,·for,0.0
6,Disc,·programming,0.0
6,Disc,.,0.0
6,rete,Disc,0.976412
6,rete,rete,0.023588
6,rete,·mathematics,0.0
6,rete,·is,0.0
6,rete,·essential,0.0
6,rete,·for,0.0
6,rete,·programming,0.0
6,rete,.,0.0
6,·mathematics,Disc,0.855881
6,·mathematics,rete,0.106243
6,·mathematics,·mathematics,0.037876
6,·mathematics,·is,0.0
6,·mathematics,·essential,0.0
6,·mathematics,·for,0.0
6,·mathematics,·programming,0.0
6,·mathematics,.,0.0
6,·is,Disc,0.832066
6,·is,rete,0.027413
6,·is,·mathematics,0.078009
6,·is,·is,0.062512
6,·is,·essential,0.0
6,·is,·for,0.0
6,·is,·programming,0.0
6,·is,.,0.0
6,·essential,Disc,0.792187
6,·essential,rete,0.018104
6,·essential,·mathematics,0.034034
6,·essential,·is,0.105845
6,·essential,·essential,0.04983
6,·essential,·for,0.0
6,·essential,·programming,0.0
6,·essential,.,0.0
6,·for,Disc,0.729128
6,·for,rete,0.016106
6,·for,·mathematics,0.028376
6,·for,·is,0.075003
6,·for,·essential,0.081822
6,·for,·for,0.069564
6,·for,·programming,0.0
6,·for,.,0.0
6,·programming,Disc,0.784296
6,·programming,rete,0.016883
6,·programming,·mathematics,0.01783
6,·programming,·is,0.058424
6,·programming,·essential,0.031297
6,·programming,·for,0.053895
6,·programming,·programming,0.037374
6,·programming,.,0.0
6,.,Disc,0.711925
6,.,rete,0.016051
6,.,·mathematics,0.024992
6,.,·is,0.049022
6,.,·essential,0.045145
6,.,·for,0.050363
6,.,·programming,0.043829
6,.,.,0.058673
7,Disc,Disc,1.0
7,Disc,rete,0.0
7,Disc,·mathematics,0.0
7,Disc,·is,0.0
7,Disc,·essential,0.0
7,Disc,·for,0.0
7,Disc,·programming,0.0
7,Disc,.,0.0
7,rete,Disc,0.967566
7,rete,rete,0.032434
7,rete,·mathematics,0.0
7,rete,·is,0.0
7,rete,·essential,0.0
7,rete,·for,0.0
7,rete,·programming,0.0
7,rete,.,0.0
7,·mathematics,Disc,0.878524
7,·mathematics,rete,0.068881
7,·mathematics,·mathematics,0.052595
7,·mathematics,·is,0.0
7,·mathematics,·essential,0.0
7,·mathematics,·for,0.0
7,·mathematics,·programming,0.0
7,·mathematics,.,0.0
7,·is,Disc,0.778474
7,·is,rete,0.060105
7,·is,·mathematics,0.112922
7,·is,·is,0.048498
7,·is,·essential,0.0
7,·is,·for,0.0
7,·is,·programming,0.0
7,·is,.,0.0
7,·essential,Disc,0.75781
7,·essential,rete,0.034281
7,·essential,·mathematics,0.07105
7,·essential,·is,0.085647
7,·essential,·essential,0.051211
7,·essential,·for,0.0
7,·essential,·programming,0.0
7,·essential,.,0.0
7,·for,Disc,0.667802
7,·for,rete,0.034584
7,·for,·mathematics,0.082625
7,·for,·is,0.077245
7,·for,·essential,0.082056
7,·for,·for,0.055688
7,·for,·programming,0.0
7,·for,.,0.0
7,·programming,Disc,0.769885
7,·programming,rete,0.012661
7,·programming,·mathematics,0.029753
7,·programming,·is,0.030789
7,·programming,·essential,0.019749
7,·programming,·for,0.090656
7,·programming,·programming,0.046507
7,·programming,.,0.0
7,.,Disc,0.665407
7,.,rete,0.026244
7,.,·mathematics,0.047231
7,.,·is,0.041836
7,.,·essential,0.051941
7,.,·for,0.05276
7,.,·programming,0.052099
7,.,.,0.062482
8,Disc,Disc,1.0
8,Disc,rete,0.0
8,Disc,·mathematics,0.0
8,Disc,·is,0.0
8,Disc,·essential,0.0
8,Disc,·for,0.0
8,Disc,·programming,0.0
8,Disc,.,0.0
8,rete,Disc,0.970002
8,rete,rete,0.029998
8,rete,·mathematics,0.0
8,rete,·is,0.0
8,rete,·essential,0.0
8,rete,·for,0.0
8,rete,·programming,0.0
8,rete,.,0.0
8,·mathematics,Disc,0.903195
8,·mathematics,rete,0.056535
8,·mathematics,·mathematics,0.04027
8,·mathematics,·is,0.0
8,·mathematics,·essential,0.0
8,·mathematics,·for,0.0
8,·mathematics,·programming,0.0
8,·mathematics,.,0.0
8,·is,Disc,0.865001
8,·is,rete,0.023112
8,·is,·mathematics,0.086931
8,·is,·is,0.024956
8,·is,·essential,0.0
8,·is,·for,0.0
8,·is,·programming,0.0
8,·is,.,0.0
8,·essential,Disc,0.839862
8,·essential,rete,0.014293
8,·essential,·mathematics,0.059397
8,·essential,·is,0.060153
8,·essential,·essential,0.026295
8,·essential,·for,0.0
8,·essential,·programming,0.0
8,·essential,.,0.0
8,·for,Disc,0.79765
8,·for,rete,0.017311
8,·for,·mathematics,0.061341
8,·for,·is,0.048181
8,·for,·essential,0.038429
8,·for,·for,0.037087
8,·for,·programming,0.0
8,·for,.,0.0
8,·programming,Disc,0.817329
8,·programming,rete,0.007463
8,·programming,·mathematics,0.019032
8,·programming,·is,0.026933
8,·programming,·essential,0.016679
8,·programming,·for,0.077245
8,·programming,·programming,0.03532
8,·programming,.,0.0
8,.,Disc,0.76908
8,.,rete,0.016532
8,.,·mathematics,0.0329
8,.,·is,0.026741
8,.,·essential,0.03635
8,.,·for,0.040396
8,.,·programming,0.0464
8,.,.,0.031602
9,Disc,Disc,1.0
9,Disc,rete,0.0
9,Disc,·mathematics,0.0
9,Disc,·is,0.0
9,Disc,·essential,0.0
9,Disc,·for,0.0
9,Disc,·programming,0.0
9,Disc,.,0.0
9,rete,Disc,0.936862
9,rete,rete,0.063138
9,rete,·mathematics,0.0
9,rete,·is,0.0
9,rete,·essential,0.0
9,rete,·for,0.0
9,rete,·programming,0.0
9,rete,.,0.0
9,·mathematics,Disc,0.881254
9,·mathematics,rete,0.050069
9,·mathematics,·mathematics,0.068677
9,·mathematics,·is,0.0
9,·mathematics,·essential,0.0
9,·mathematics,·for,0.0
9,·mathematics,·programming,0.0
9,·mathematics,.,0.0
9,·is,Disc,0.799388
9,·is,rete,0.032595
9,·is,·mathematics,0.115549
9,·is,·is,0.052468
9,·is,·essential,0.0
9,·is,·for,0.0
9,·is,·programming,0.0
9,·is,.,0.0
9,·essential,Disc,0.795605
9,·essential,rete,0.016778
9,·essential,·mathematics,0.065452
9,·essential,·is,0.074229
9,·essential,·essential,0.047935
9,·essential,·for,0.0
9,·essential,·programming,0.0
9,·essential,.,0.0
9,·for,Disc,0.618983
9,·for,rete,0.03048
9,·for,·mathematics,0.156395
9,·for,·is,0.052451
9,·for,·essential,0.073935
9,·for,·for,0.067757
9,·for,·programming,0.0
9,·for,.,0.0
9,·programming,Disc,0.701324
9,·programming,rete,0.021458
9,·programming,·mathematics,0.060811
9,·programming,·is,0.03501
9,·programming,·essential,0.027087
9,·programming,·for,0.084335
9,·programming,·programming,0.069975
9,·programming,.,0.0
9,.,Disc,0.660783
9,.,rete,0.02789
9,.,·mathematics,0.073928
9,.,·is,0.054183
9,.,·essential,0.029222
9,.,·for,0.033799
9,.,·programming,0.063492
9,.,.,0.056702
10,Disc,Disc,1.0
10,Disc,rete,0.0
10,Disc,·mathematics,0.0
10,Disc,·is,0.0
10,Disc,·essential,0.0
10,Disc,·for,0.0
10,Disc,·programming,0.0
10,Disc,.,0.0
10,rete,Disc,0.957931
10,rete,rete,0.04207
10,rete,·mathematics,0.0
10,rete,·is,0.0
10,rete,·essential,0.0
10,rete,·for,0.0
10,rete,·programming,0.0
10,rete,.,0.0
10,·mathematics,Disc,0.929817
10,·mathematics,rete,0.025792
10,·mathematics,·mathematics,0.044391
10,·mathematics,·is,0.0
10,·mathematics,·essential,0.0
10,·mathematics,·for,0.0
10,·mathematics,·programming,0.0
10,·mathematics,.,0.0
10,·is,Disc,0.862628
10,·is,rete,0.021898
10,·is,·mathematics,0.072919
10,·is,·is,0.042554
10,·is,·essential,0.0
10,·is,·for,0.0
10,·is,·programming,0.0
10,·is,.,0.0
10,·essential,Disc,0.908851
10,·essential,rete,0.005275
10,·essential,·mathematics,0.028613
10,·essential,·is,0.033763
10,·essential,·essential,0.023499
10,·essential,·for,0.0
10,·essential,·programming,0.0
10,·essential,.,0.0
10,·for,Disc,0.78614
10,·for,rete,0.020158
10,·for,·mathematics,0.087457
10,·for,·is,0.023846
10,·for,·essential,0.044312
10,·for,·for,0.038087
10,·for,·programming,0.0
10,·for,.,0.0
10,·programming,Disc,0.821224
10,·programming,rete,0.010297
10,·programming,·mathematics,0.026493
10,·programming,·is,0.013929
10,·programming,·essential,0.013872
10,·programming,·for,0.074299
10,·programming,·programming,0.039887
10,·programming,.,0.0
10,.,Disc,0.686497
10,.,rete,0.057411
10,.,·mathematics,0.084662
10,.,·is,0.025942
10,.,·essential,0.025237
10,.,·for,0.017387
10,.,·programming,0.059052
10,.,.,0.043813
11,Disc,Disc,1.0
11,Disc,rete,0.0
11,Disc,·mathematics,0.0
11,Disc,·is,0.0
11,Disc,·essential,0.0
11,Disc,·for,0.0
11,Disc,·programming,0.0
11,Disc,.,0.0
11,rete,Disc,0.966399
11,rete,rete,0.033601
11,rete,·mathematics,0.0
11,rete,·is,0.0
11,rete,·essential,0.0
11,rete,·for,0.0
11,rete,·programming,0.0
11,rete,.,0.0
11,·mathematics,Disc,0.892831
11,·mathematics,rete,0.043864
11,·mathematics,·mathematics,0.063305
11,·mathematics,·is,0.0
11,·mathematics,·essential,0.0
11,·mathematics,·for,0.0
11,·mathematics,·programming,0.0
11,·mathematics,.,0.0
11,·is,Disc,0.849686
11,·is,rete,0.029588
11,·is,·mathematics,0.077847
11,·is,·is,0.042878
11,·is,·essential,0.0
11,·is,·for,0.0
11,·is,·programming,0.0
11,·is,.,0.0
11,·essential,Disc,0.887717
11,·essential,rete,0.006351
11,·essential,·mathematics,0.037727
11,·essential,·is,0.034478
11,·essential,·essential,0.033727
11,·essential,·for,0.0
11,·essential,·programming,0.0
11,·essential,.,0.0
11,·for,Disc,0.797209
11,·for,rete,0.019606
11,·for,·mathematics,0.105666
11,·for,·is,0.016999
11,·for,·essential,0.014097
11,·for,·for,0.046423
11,·for,·programming,0.0
11,·for,.,0.0
11,·programming,Disc,0.744479
11,·programming,rete,0.016805
11,·programming,·mathematics,0.047856
11,·programming,·is,0.01734
11,·programming,·essential,0.023517
11,·programming,·for,0.065317
11,·programming,·programming,0.084686
11,·programming,.,0.0
11,.,Disc,0.629319
11,.,rete,0.087246
11,.,·mathematics,0.119591
11,.,·is,0.017736
11,.,·essential,0.012268
11,.,·for,0.010527
11,.,·programming,0.072553
11,.,.,0.050761
12,Disc,Disc,1.0
12,Disc,rete,0.0
12,Disc,·mathematics,0.0
12,Disc,·is,0.0
12,Disc,·essential,0.0
12,Disc,·for,0.0
12,Disc,·programming,0.0
12,Disc,.,0.0
12,rete,Disc,0.838132
12,rete,rete,0.161868
12,rete,·mathematics,0.0
12,rete,·is,0.0
12,rete,·essential,0.0
12,rete,·for,0.0
12,rete,·programming,0.0
12,rete,.,0.0
12,·mathematics,Disc,0.766533
12,·mathematics,rete,0.113142
12,·mathematics,·mathematics,0.120325
12,·mathematics,·is,0.0
12,·mathematics,·essential,0.0
12,·mathematics,·for,0.0
12,·mathematics,·programming,0.0
12,·mathematics,.,0.0
12,·is,Disc,0.725333
12,·is,rete,0.05749
12,·is,·mathematics,0.09639
12,·is,·is,0.120788
12,·is,·essential,0.0
12,·is,·for,0.0
12,·is,·programming,0.0
12,·is,.,0.0
12,·essential,Disc,0.670249
12,·essential,rete,0.040428
12,·essential,·mathematics,0.115599
12,·essential,·is,0.111358
12,·essential,·essential,0.062366
12,·essential,·for,0.0
12,·essential,·programming,0.0
12,·essential,.,0.0
12,·for,Disc,0.662288
12,·for,rete,0.039602
12,·for,·mathematics,0.079674
12,·for,·is,0.099725
12,·for,·essential,0.028575
12,·for,·for,0.090136
12,·for,·programming,0.0
12,·for,.,0.0
12,·programming,Disc,0.693874
12,·programming,rete,0.033474
12,·programming,·mathematics,0.056568
12,·programming,·is,0.044947
12,·programming,·essential,0.045271
12,·programming,·for,0.075817
12,·programming,·programming,0.050049
12,·programming,.,0.0
12,.,Disc,0.480779
12,.,rete,0.102627
12,.,·mathematics,0.094125
12,.,·is,0.049266
12,.,·essential,0.022148
12,.,·for,0.029904
12,.,·programming,0.047174
12,.,.,0.173978
